rank,patient,age,ejection_fraction,creatinine,score,why
1,P-49,80,20,4.4,7,"Low ejection fraction; High creatinine; Anaemia; High blood pressure; Age 70+"
2,P-145,72,25,1.7,7,"Low ejection fraction; High creatinine; Anaemia; High blood pressure; Age 70+"
3,P-25,75,30,1.83,7,"Low ejection fraction; High creatinine; Diabetes; High blood pressure; Age 70+"
4,P-106,72,30,1.7,7,"Low ejection fraction; High creatinine; Anaemia; High blood pressure; Age 70+"
5,P-22,65,30,1.6,7,"Low ejection fraction; High creatinine; Anaemia; Diabetes; High blood pressure"
6,P-214,48,30,1.6,7,"Low ejection fraction; High creatinine; Anaemia; Diabetes; High blood pressure"
7,P-127,46,17,2.1,6,"Low ejection fraction; High creatinine; Diabetes; High blood pressure"
8,P-5,65,20,2.7,6,"Low ejection fraction; High creatinine; Anaemia; Diabetes"
9,P-1,75,20,1.9,6,"Low ejection fraction; High creatinine; High blood pressure; Age 70+"
10,P-41,70,20,1.83,6,"Low ejection fraction; High creatinine; High blood pressure; Age 70+"
11,P-83,60,25,2.5,6,"Low ejection fraction; High creatinine; Anaemia; Diabetes"
12,P-156,60,25,1.7,6,"Low ejection fraction; High creatinine; Anaemia; Diabetes"
13,P-56,95,30,2.0,6,"Low ejection fraction; High creatinine; Anaemia; Age 70+"
14,P-149,75,30,1.83,6,"Low ejection fraction; High creatinine; Anaemia; Age 70+"
15,P-271,44,30,1.6,6,"Low ejection fraction; High creatinine; Diabetes; High blood pressure"
16,P-211,70,17,1.0,5,"Low ejection fraction; Diabetes; High blood pressure; Age 70+"
17,P-168,59,20,2.4,5,"Low ejection fraction; High creatinine; Diabetes"
18,P-4,50,20,1.9,5,"Low ejection fraction; High creatinine; Anaemia"
19,P-221,73,20,1.83,5,"Low ejection fraction; High creatinine; Age 70+"
20,P-195,45,20,1.6,5,"Low ejection fraction; High creatinine; High blood pressure"
21,P-60,72,20,1.3,5,"Low ejection fraction; Diabetes; High blood pressure; Age 70+"
22,P-199,50,20,1.0,5,"Low ejection fraction; Anaemia; Diabetes; High blood pressure"
23,P-204,60,25,3.5,5,"Low ejection fraction; High creatinine; High blood pressure"
24,P-138,68,25,2.1,5,"Low ejection fraction; High creatinine; Anaemia"
25,P-188,60,25,2.1,5,"Low ejection fraction; High creatinine; Diabetes"
